[
    {
        "navn":"Maks Ferstappen",
        "team":"RedBull",
        "kategori": "sjåfør",
        "pris":1999.99,
        "bilde":"/img/produkt/maksfer.jpg",
        "credlink":"https://commons.wikimedia.org/wiki/File:Max_Verstappen_2016_Malaysia_1.jpg",
        "credtxt":"Morio",
        "credlink2":"https://creativecommons.org/licenses/by-sa/4.0",
        "credtxt2":"CC BY-SA 4.0",
        "place": "via Wikimedia Commons"
    },
    {
        "navn" : "Kjarl Lekler",
        "team" : "Ferrari",
        "kategori": "sjåfør",
        "pris": 1499.99,
        "bilde":"/img/produkt/charles.jpg",
        "credlink":"https://commons.wikimedia.org/wiki/File:F12019_Leclerc_Schloss_Gabelhofen.jpg",
        "credtxt":"XaviYuahanda",
        "credlink2":"https://creativecommons.org/licenses/by-sa/4.0",
        "credtxt2":"CC BY-SA 4.0",
        "place": "via Wikimedia Commons"
    
    },
    {
        "navn": "Lændo Norizz",
        "team": "Mclaren",
        "kategori": "sjåfør",
        "pris":1199.99,
        "bilde":"/img/produkt/lando.jpg",
        "credlink":"https://commons.wikimedia.org/wiki/File:Lando_Norris,_British_GP_2022_(52382574143)_(cropped).jpg",
        "credtxt":"Jen Ross",
        "credlink2":"https://creativecommons.org/licenses/by-sa/4.0",
        "credtxt2":"CC BY-SA 4.0",
        "place": "via Wikimedia Commons"
    },
    {
        "navn": "Daniel Rikardo",
        "team":"RB",
        "kategori": "sjåfør",
        "pris": 799.99,
        "bilde":"/img/produkt/daniel.jpg",
        "credlink":"https://commons.wikimedia.org/wiki/File:F12019_Schloss_Gabelhofen_(18).jpg",
        "credtxt":"XaviYuahanda",
        "credlink2":"https://creativecommons.org/licenses/by-sa/4.0",
        "credtxt2":"CC BY-SA 4.0",
        "place": "via Wikimedia Commons"
    },
    {
        "navn": "Færnando Alfonso",
        "team": "Aston Martin",
        "kategori": "sjåfør",
        "pris": 1799.99,
        "bilde": "/img/produkt/alonso.jpg",
        "credlink":"https://commons.wikimedia.org/wiki/File:Alonso-68_(24710447098).jpg",
        "credtxt":"United Autosports",
        "credlink2":"https://creativecommons.org/licenses/by-sa/4.0",
        "credtxt2":"CC BY-SA 4.0",
        "place": "via Wikimedia Commons"
    },
    {
        "navn": "Juki Tsunåda badevatn" ,
        "team": "RB",
        "kategori": "badevatn",
        "pris": 4999.99,
        "bilde": "/img/produkt/yukibw.png",
        "credlink":"",
        "credtxt":"Elias Fink production",
        "credlink2":"",
        "credtxt2":"",
        "place": ""
    
    },
    {
        "navn": "Sergjio Perizz badevatn",
        "team": "RedBull",
        "kategori": "badevatn",
        "pris":19.99,
        "bilde": "/img/produkt/sergiobw.png",
        "credlink":"",
        "credtxt":"Elias Fink production",
        "credlink2":"",
        "credtxt2":"",
        "place": ""
    },
    {
        "navn": "shåo Gvanju badevatn" ,
        "team": "Sauber",
        "kategori": "badevatn",
        "pris": 29.99,
        "bilde": "/img/produkt/zhoubw.png",
        "credlink":"",
        "credtxt":"Elias Fink production",
        "credlink2":"",
        "credtxt2":"",
        "place": ""
    },
    {
        "navn": "Oskar Piasstree badevatn",
        "team": "Mclaren",
        "kategori": "badevatn",
        "pris": 49.99,
        "bilde": "/img/produkt/oscarbw.png",
        "credlink":"",
        "credtxt":"Elias Fink production",
        "credlink2":"",
        "credtxt2":"",
        "place": ""
    },
    {
        "navn": "Nikolas Lattiffi badevatn",
        "team": "Williams",
        "kategori": "badevatn",
        "pris": 99.99,
        "bilde": "/img/produkt/Latifibw.png",
        "credlink":"",
        "credtxt":"Elias Fink production",
        "credlink2":"",
        "credtxt2":"",
        "place": ""
    
    },
    {
        "navn": "Hamilton Alpine skuggehue",
        "team": "alpine",
        "kategori": "tilbehør",
        "pris": 29.99,
        "bilde": "/img/produkt/halpine.png",
        "credlink":"",
        "credtxt":"Elias Fink production",
        "credlink2":"",
        "credtxt2":"",
        "place": ""
    },
    {
        "navn": "Haas steeringwheel 2025",
        "team": "Haas",
        "kategori": "tilbehør",
        "pris": 1.99,
        "bilde": "/img/produkt/haaswheel.png",
        "credlink":"",
        "credtxt":"Elias Fink production",
        "credlink2":"",
        "credtxt2":"",
        "place": ""
    },
    {
        "navn": "4. plass skuggehue",
        "team": "FIA",
        "kategori": "tilbehør",
        "pris": 19.99,
        "bilde": "/img/produkt/cap.png",
        "credlink":"",
        "credtxt":"Elias Fink production",
        "credlink2":"",
        "credtxt2":"",
        "place": ""
    },
    {
        "navn": "Ferander miniatyr hjelm",
        "team": "Ferrari",
        "kategori": "tilbehør",
        "pris": 29.99,
        "bilde": "/img/produkt/ferander.png",
        "credlink":"",
        "credtxt":"Elias Fink production",
        "credlink2":"",
        "credtxt2":"",
        "place": ""
    },
    {
        "navn": "Haas spoiler 2025",
        "team": "Haas",
        "kategori": "tilbehør",
        "pris": "199 999.99",
        "bilde": "/img/produkt/haasspoiler.png",
        "credlink":"",
        "credtxt":"Elias Fink production",
        "credlink2":"",
        "credtxt2":"",
        "place": ""
    },
    {
        "navn": "Ferrari 2022 bil",
        "team": "Ferrari",
        "kategori": "bilar",
        "pris": 371.47,
        "bilde": "/img/produkt/ferbil.jpg",
        "credlink":"https://commons.wikimedia.org/wiki/File:FIA_F1_Austria_2022_Nr._55_Sainz_(2).jpg",
        "credtxt":"Lukas Raich",
        "credlink2":"https://creativecommons.org/licenses/by-sa/4.0",
        "credtxt2":"CC BY-SA 4.0",
        "place": "via Wikimedia Commons"
    },
    {
        "navn": "Renault bil 2016",
        "team": "Renault",
        "kategori": "bilar",
        "pris": 49.99,
        "bilde": "/img/produkt/renaultbil.jpg",
        "credlink":"https://commons.wikimedia.org/wiki/File:Kevin_Magnussen_2016_British_Grand_Prix.jpg",
        "credtxt":"Andrew &amp; Alan Frost",
        "credlink2":"https://creativecommons.org/licenses/by-sa/4.0",
        "credtxt2":"CC BY-SA 4.0",
        "place": "via Wikimedia Commons"
    },
    {
        "navn": "Mclaren bil 2021",
        "team": "Mclaren",
        "kategori": "bilar",
        "pris": 1299.99,
        "bilde": "/img/produkt/mcbil.jpg",
        "credlink":"https://commons.wikimedia.org/wiki/File:FIA_F1_Austria_2021_Nr._3_Ricciardo_(side).jpg",
        "credtxt":"Lukas Raich",
        "credlink2":"https://creativecommons.org/licenses/by-sa/4.0",
        "credtxt2":"CC BY-SA 4.0",
        "place": "via Wikimedia Commons"
    },
    {
        "navn": "Redbull bil 2019",
        "team": "RedBull",
        "kategori": "bilar",
        "pris": "49 999.99",
        "bilde": "/img/produkt/redbil.jpg",
        "credlink":"https://commons.wikimedia.org/wiki/File:Max_Verstappen-Red_Bull-2019_(6).jpg",
        "credtxt":"Alberto-g-rovi",
        "credlink2":"https://creativecommons.org/licenses/by-sa/4.0",
        "credtxt2":"CC BY-SA 4.0",
        "place": "via Wikimedia Commons"
    },
    {
        "navn": "McQueen bil",
        "team": "Fett",
        "kategori": "bilar",
        "pris": "9 999 999.99",
        "bilde": "/img/produkt/lmqbil.jpg",
        "credlink":"https://commons.wikimedia.org/wiki/File:Lightning_McQueen_at_Sonoma.jpg",
        "credtxt":"Broadbandito",
        "credlink2":"https://creativecommons.org/licenses/by-sa/4.0",
        "credtxt2":"CC BY-SA 4.0",
        "place": "via Wikimedia Commons"
    }
    
    
    
    
    
    ]